Precio,Imagen
199.000,https://http2.mlstatic.com/D_NQ_NP_698149-MLU72834473299_112023-O.webp
224.990,https://http2.mlstatic.com/D_NQ_NP_766202-MLU72831498105_112023-O.webp
179.000,https://http2.mlstatic.com/D_NQ_NP_996330-MLU72756399350_112023-O.webp
229.000,https://http2.mlstatic.com/D_NQ_NP_712764-MLA48256081076_112021-O.webp
239.000,https://http2.mlstatic.com/D_NQ_NP_944712-MLU75682967739_042024-O.webp
199.000,https://http2.mlstatic.com/D_NQ_NP_663697-MLA81095781672_122024-O.webp
159.000,https://http2.mlstatic.com/D_NQ_NP_801300-MLA48255741857_112021-O.webp
399.999,https://http2.mlstatic.com/D_NQ_NP_697524-MLU74141682671_012024-O.webp
227.999,https://http2.mlstatic.com/D_NQ_NP_785999-MLA31011723922_062019-O.webp
159.000,https://http2.mlstatic.com/D_NQ_NP_960396-MLA76811247881_062024-O.webp
49.990,https://http2.mlstatic.com/D_NQ_NP_796443-MLA79356066964_092024-O.webp
215.460,https://http2.mlstatic.com/D_NQ_NP_780180-MLA48256081010_112021-O.webp
199.000,https://http2.mlstatic.com/D_NQ_NP_897756-MLA81276869457_122024-O.webp
238.990,https://http2.mlstatic.com/D_NQ_NP_944712-MLU75682967739_042024-O.webp
229.000,https://http2.mlstatic.com/D_NQ_NP_807874-MLA80399388950_112024-O.webp
42.990,https://http2.mlstatic.com/D_NQ_NP_936746-MLA78039821211_072024-O.webp
249.000,https://http2.mlstatic.com/D_NQ_NP_874057-MLA79548944461_092024-O.webp
289.990,https://http2.mlstatic.com/D_NQ_NP_942181-MLA50672519734_072022-O.webp
199.000,https://http2.mlstatic.com/D_NQ_NP_757302-MLA51819138837_102022-O.webp
29.990,https://http2.mlstatic.com/D_NQ_NP_936746-MLA78039821211_072024-O.webp
159.000,https://http2.mlstatic.com/D_NQ_NP_709063-MLA72360785481_102023-O.webp
198.900,https://http2.mlstatic.com/D_NQ_NP_743639-MLA42120242539_062020-O.webp
159.000,https://http2.mlstatic.com/D_NQ_NP_842498-MLA49601806736_042022-O.webp
36.990,https://http2.mlstatic.com/D_NQ_NP_936746-MLA78039821211_072024-O.webp
239.000,https://http2.mlstatic.com/D_NQ_NP_944712-MLU75682967739_042024-O.webp
251.900,https://http2.mlstatic.com/D_NQ_NP_817135-MLA79719205274_102024-O.webp
349.000,https://http2.mlstatic.com/D_NQ_NP_674927-MLA42120244936_062020-O.webp
405.410,https://http2.mlstatic.com/D_NQ_NP_857365-MLA80330046923_102024-O.webp
159.000,https://http2.mlstatic.com/D_NQ_NP_801300-MLA48255741857_112021-O.webp
228.999,https://http2.mlstatic.com/D_NQ_NP_810010-MLU69221229249_052023-O.webp
199.000,https://http2.mlstatic.com/D_NQ_NP_904432-MLA80895700960_122024-O.webp
399.990,https://http2.mlstatic.com/D_NQ_NP_996330-MLU72756399350_112023-O.webp
357.610,https://http2.mlstatic.com/D_NQ_NP_687418-MLU69921550584_062023-O.webp
165.360,https://http2.mlstatic.com/D_NQ_NP_927895-MLA79971140800_102024-O.webp
198.990,https://http2.mlstatic.com/D_NQ_NP_705780-MLA48255741780_112021-O.webp
378.000,https://http2.mlstatic.com/D_NQ_NP_810010-MLU69221229249_052023-O.webp
229.000,https://http2.mlstatic.com/D_NQ_NP_780257-MLA50485514715_062022-O.webp
487.070,https://http2.mlstatic.com/D_NQ_NP_852278-MLA80144138538_112024-O.webp
317.510,https://http2.mlstatic.com/D_NQ_NP_917923-MLA81179419648_122024-O.webp
214.999,https://http2.mlstatic.com/D_NQ_NP_810010-MLU69221229249_052023-O.webp
279.250,https://http2.mlstatic.com/D_NQ_NP_768183-MLA48255767649_112021-O.webp
229.000,https://http2.mlstatic.com/D_NQ_NP_902398-MLA43691105700_102020-O.webp
214.650,https://http2.mlstatic.com/D_NQ_NP_801300-MLA48255741857_112021-O.webp
206.850,https://http2.mlstatic.com/D_NQ_NP_698149-MLU72834473299_112023-O.webp
260.630,https://http2.mlstatic.com/D_NQ_NP_698149-MLU72834473299_112023-O.webp
167.750,https://http2.mlstatic.com/D_NQ_NP_763542-MLU72647882467_112023-O.webp
181.260,https://http2.mlstatic.com/D_NQ_NP_755845-MLU73199758293_122023-O.webp
218.230,https://http2.mlstatic.com/D_NQ_NP_768183-MLA48255767649_112021-O.webp
